{
  "headers": [
    {
      "source": "/(.*)",
      "headers": [
        {
          "key": "X-Content-Type-Options",
          "value": "nosniff"
        },
        {
          "key": "X-Frame-Options",
          "value": "DENY"
        },
        {
          "key": "X-XSS-Protection",
          "value": "1; mode=block"
        }
      ]
    }
  ],
  "redirects": [
    {
      "source": "/",
      "destination": "/en",
      "permanent": false
    }
  ],
  "rewrites": [
    { "source": "/:locale/:path*", "destination": "/index.html" }
  ]
}