[
	{
		"firstName": "John",
		"lastName": "Doe",
		"appointmentInfo": {
			"appointments": 5,
			"currency": "USD",
			"next": "2024-07-01T18:00:00",
			"value": "200",
			"duration": 60
		},
		"patientId": "23456543213456743211"
	},
	{
		"firstName": "Jane",
		"lastName": "Dona",
		"appointmentInfo": {
			"appointments": 3,
			"currency": "EUR",
			"next": "2024-07-01T19:00:00",
			"value": "150",
			"duration": 60
		},
		"patientId": "2345654321klbhjvgjhbnlm43211"
	},
	{
		"firstName": "Johan",
		"lastName": "Smthing",
		"appointmentInfo": {
			"appointments": 3,
			"currency": "EUR",
			"next": "2024-07-01T20:00:00",
			"value": "150",
			"duration": 60
		},
		"patientId": "2345654321klbhjvgjhbnlm43211"
	},
	{
		"firstName": "Jupi",
		"lastName": "Ferraz",
		"appointmentInfo": {
			"appointments": 3,
			"currency": "EUR",
			"next": "2024-07-01T21:00:00",
			"value": "150",
			"duration": 60
		},
		"patientId": "2345654321klbhjvgjhbnlm43211"
	}
]
